fecha_hora,wind_speed_10m,wind_speed_100m,wind_direction_10m,wind_direction_100m,fecha,hora,dia_semana,viene_de_10m,viene_de_100m,viene_de_10m_detalle,viene_de_100m_detalle,va_hacia_10m,va_hacia_100m
2026-09-12 00:00:00,3.362677,5.796447,344.47583,306.15826,2026-09-12,0,Saturday,Norte,Noroeste,Nornoroeste,Noroeste,Sur,Sureste
2026-09-12 01:00:00,3.0652895,3.572898,3.3664,319.0857,2026-09-12,1,Saturday,Norte,Noroeste,Norte,Noroeste,Sur,Sureste
2026-09-12 02:00:00,2.52,2.9301877,360.0,312.5104,2026-09-12,2,Saturday,Norte,Noroeste,Norte,Noroeste,Sur,Sureste
2026-09-12 03:00:00,4.143911,4.510787,2.4894993,331.38962,2026-09-12,3,Saturday,Norte,Noroeste,Norte,Nornoroeste,Sur,Sureste
2026-09-12 04:00:00,5.5829024,5.8603754,1.8475709,349.3804,2026-09-12,4,Saturday,Norte,Norte,Norte,Norte,Sur,Sur
2026-09-12 05:00:00,6.2999997,5.9399996,360.0,360.0,2026-09-12,5,Saturday,Norte,Norte,Norte,Norte,Sur,Sur
2026-09-12 06:00:00,6.924738,7.7420926,351.02744,342.40747,2026-09-12,6,Saturday,Norte,Norte,Norte,Nornoroeste,Sur,Sur
2026-09-12 07:00:00,7.0015144,9.165871,342.03076,340.49747,2026-09-12,7,Saturday,Norte,Norte,Nornoroeste,Nornoroeste,Sur,Sur
2026-09-12 08:00:00,2.7238941,3.9640884,277.59454,309.47244,2026-09-12,8,Saturday,Oeste,Noroeste,Oeste,Noroeste,Este,Sureste
2026-09-12 09:00:00,5.1826253,5.4833565,200.32323,203.19862,2026-09-12,9,Saturday,Sur,Suroeste,Sursuroeste,Sursuroeste,Norte,Noreste
2026-09-12 10:00:00,7.3799996,8.581677,192.68037,189.65982,2026-09-12,10,Saturday,Sur,Sur,Sursuroeste,Sur,Norte,Norte
2026-09-12 11:00:00,11.620809,13.943901,196.18927,191.16484,2026-09-12,11,Saturday,Sur,Sur,Sursuroeste,Sur,Norte,Norte
2026-09-12 12:00:00,12.800265,16.208996,183.22446,181.9091,2026-09-12,12,Saturday,Sur,Sur,Sur,Sur,Norte,Norte
2026-09-12 13:00:00,10.717182,13.346729,187.72174,190.09744,2026-09-12,13,Saturday,Sur,Sur,Sur,Sur,Norte,Norte
2026-09-12 14:00:00,10.261579,13.207634,195.25517,197.44728,2026-09-12,14,Saturday,Sur,Sur,Sursuroeste,Sursuroeste,Norte,Norte
2026-09-12 15:00:00,8.669949,11.200571,221.63345,224.9999,2026-09-12,15,Saturday,Suroeste,Suroeste,Suroeste,Suroeste,Noreste,Noreste
2026-09-12 16:00:00,8.320986,11.032987,231.14662,236.3099,2026-09-12,16,Saturday,Suroeste,Suroeste,Suroeste,Oestesuroeste,Noreste,Noreste
2026-09-12 17:00:00,7.42159,10.086427,230.90614,235.17543,2026-09-12,17,Saturday,Suroeste,Suroeste,Suroeste,Suroeste,Noreste,Noreste
2026-09-12 18:00:00,4.6452556,7.5019197,234.46223,239.74365,2026-09-12,18,Saturday,Suroeste,Suroeste,Suroeste,Oestesuroeste,Noreste,Noreste
2026-09-12 19:00:00,0.25455844,2.8460495,224.9999,235.30478,2026-09-12,19,Saturday,Suroeste,Suroeste,Suroeste,Suroeste,Noreste,Noreste
2026-09-12 20:00:00,3.710795,5.896202,140.90616,102.33907,2026-09-12,20,Saturday,Sureste,Este,Sureste,Estesureste,Noroeste,Oeste
2026-09-12 21:00:00,1.3708391,0.6489992,23.198618,303.6901,2026-09-12,21,Saturday,Noreste,Noroeste,Nornoreste,Oestenoroeste,Suroeste,Sureste
2026-09-12 22:00:00,3.964089,7.3799996,357.3975,12.680387,2026-09-12,22,Saturday,Norte,Norte,Norte,Nornoreste,Sur,Sur
2026-09-12 23:00:00,1.6299692,2.52,353.6599,270.0,2026-09-12,23,Saturday,Norte,Oeste,Norte,Oeste,Sur,Este
2026-09-13 00:00:00,2.0523157,3.9763298,344.7448,275.19434,2026-09-13,0,Sunday,Norte,Oeste,Nornoroeste,Oeste,Sur,Este
2026-09-13 01:00:00,4.0249224,5.3999996,349.69522,323.13004,2026-09-13,1,Sunday,Norte,Noroeste,Norte,Noroeste,Sur,Sureste
2026-09-13 02:00:00,3.0811036,3.8521678,353.29025,307.40543,2026-09-13,2,Sunday,Norte,Noroeste,Norte,Noroeste,Sur,Sureste
2026-09-13 03:00:00,2.1674871,3.381893,355.23645,295.20108,2026-09-13,3,Sunday,Norte,Noroeste,Norte,Oestenoroeste,Sur,Sureste
2026-09-13 04:00:00,4.7110505,5.815978,353.41815,338.19852,2026-09-13,4,Sunday,Norte,Norte,Norte,Nornoroeste,Sur,Sur
2026-09-13 05:00:00,4.86,5.8852015,360.0,336.5713,2026-09-13,5,Sunday,Norte,Noroeste,Norte,Nornoroeste,Sur,Sureste
2026-09-13 06:00:00,4.503598,4.2671766,357.70944,332.3541,2026-09-13,6,Sunday,Norte,Noroeste,Norte,Nornoroeste,Sur,Sureste
2026-09-13 07:00:00,5.12289,6.2067385,341.56494,330.4613,2026-09-13,7,Sunday,Norte,Noroeste,Nornoroeste,Nornoroeste,Sur,Sureste
2026-09-13 08:00:00,3.4152596,5.0432134,288.43503,304.82455,2026-09-13,8,Sunday,Oeste,Noroeste,Oestenoroeste,Noroeste,Este,Sureste
2026-09-13 09:00:00,3.550155,3.6447225,210.46547,212.90524,2026-09-13,9,Sunday,Suroeste,Suroeste,Sursuroeste,Sursuroeste,Noreste,Noreste
2026-09-13 10:00:00,5.720489,6.3231,192.72435,184.899,2026-09-13,10,Sunday,Sur,Sur,Sursuroeste,Sur,Norte,Norte
2026-09-13 11:00:00,11.588701,14.248452,186.24182,183.62141,2026-09-13,11,Sunday,Sur,Sur,Sur,Sur,Norte,Norte
2026-09-13 12:00:00,6.601363,7.823272,205.8663,203.02553,2026-09-13,12,Sunday,Suroeste,Suroeste,Sursuroeste,Sursuroeste,Noreste,Noreste
2026-09-13 13:00:00,6.9480934,8.260411,196.55714,191.30989,2026-09-13,13,Sunday,Sur,Sur,Sursuroeste,Sursuroeste,Norte,Norte
2026-09-13 14:00:00,9.676569,11.897714,198.43504,197.61267,2026-09-13,14,Sunday,Sur,Sur,Sursuroeste,Sursuroeste,Norte,Norte
2026-09-13 15:00:00,11.465024,14.7742605,202.13554,202.19034,2026-09-13,15,Sunday,Sur,Sur,Sursuroeste,Sursuroeste,Norte,Norte
2026-09-13 16:00:00,8.490582,11.435313,237.99466,241.8215,2026-09-13,16,Sunday,Suroeste,Suroeste,Oestesuroeste,Oestesuroeste,Noreste,Noreste
2026-09-13 17:00:00,6.9480934,9.292255,233.42688,238.46526,2026-09-13,17,Sunday,Suroeste,Suroeste,Suroeste,Oestesuroeste,Noreste,Noreste
2026-09-13 18:00:00,4.846648,8.209263,238.67136,254.74483,2026-09-13,18,Sunday,Suroeste,Oeste,Oestesuroeste,Oestesuroeste,Noreste,Este
2026-09-13 19:00:00,0.56920993,3.710795,341.56494,255.96373,2026-09-13,19,Sunday,Norte,Oeste,Nornoroeste,Oestesuroeste,Sur,Este
2026-09-13 20:00:00,1.659518,1.98,49.398785,90.0,2026-09-13,20,Sunday,Noreste,Este,Noreste,Este,Suroeste,Oeste
2026-09-13 21:00:00,1.5484185,3.0652895,35.537766,93.366394,2026-09-13,21,Sunday,Noreste,Este,Noreste,Este,Suroeste,Oeste
2026-09-13 22:00:00,2.7943513,6.502461,75.068535,138.36655,2026-09-13,22,Sunday,Este,Sureste,Estenoreste,Sureste,Oeste,Noroeste
2026-09-13 23:00:00,2.5264204,4.1046314,4.085537,52.124958,2026-09-13,23,Sunday,Norte,Noreste,Norte,Noreste,Sur,Suroeste
2026-09-14 00:00:00,3.319036,7.814986,49.398785,97.94338,2026-09-14,0,Monday,Noreste,Este,Noreste,Este,Suroeste,Oeste
2026-09-14 01:00:00,6.162207,8.32877,6.70975,353.79663,2026-09-14,1,Monday,Norte,Norte,Norte,Norte,Sur,Sur
2026-09-14 02:00:00,2.3469126,0.8049845,4.398633,333.43503,2026-09-14,2,Monday,Norte,Noroeste,Norte,Nornoroeste,Sur,Sureste
2026-09-14 03:00:00,2.8856194,2.8460495,3.5762644,325.30478,2026-09-14,3,Monday,Norte,Noroeste,Norte,Noroeste,Sur,Sureste
2026-09-14 04:00:00,1.659518,5.7628117,347.4712,255.52966,2026-09-14,4,Monday,Norte,Oeste,Nornoroeste,Oestesuroeste,Sur,Este
2026-09-14 05:00:00,1.659518,4.278551,12.528798,337.75092,2026-09-14,5,Monday,Norte,Norte,Nornoreste,Nornoroeste,Sur,Sur
2026-09-14 06:00:00,0.40249225,1.2979984,26.564985,236.3099,2026-09-14,6,Monday,Noreste,Suroeste,Nornoreste,Oestesuroeste,Suroeste,Noreste
2026-09-14 07:00:00,0.40249225,0.6489992,26.564985,303.6901,2026-09-14,7,Monday,Noreste,Noroeste,Nornoreste,Oestenoroeste,Suroeste,Sureste
2026-09-14 08:00:00,2.1068459,1.4512063,199.9832,209.7448,2026-09-14,8,Monday,Sur,Suroeste,Sursuroeste,Sursuroeste,Norte,Noreste
2026-09-14 09:00:00,4.724786,4.724786,197.74477,197.74477,2026-09-14,9,Monday,Sur,Sur,Sursuroeste,Sursuroeste,Norte,Norte
2026-09-14 10:00:00,7.072878,7.989243,194.7436,194.34937,2026-09-14,10,Monday,Sur,Sur,Sursuroeste,Sursuroeste,Norte,Norte
2026-09-14 11:00:00,8.281956,9.54679,181.24533,177.83897,2026-09-14,11,Monday,Sur,Sur,Sur,Sur,Norte,Norte
2026-09-14 12:00:00,9.54,11.701385,180.0,179.11862,2026-09-14,12,Monday,Sur,Sur,Sur,Sur,Norte,Norte
2026-09-14 13:00:00,9.172938,11.27553,195.94547,196.69933,2026-09-14,13,Monday,Sur,Sur,Sursuroeste,Sursuroeste,Norte,Norte
2026-09-14 14:00:00,9.178235,11.594292,205.55992,207.75845,2026-09-14,14,Monday,Suroeste,Suroeste,Sursuroeste,Sursuroeste,Noreste,Noreste
2026-09-14 15:00:00,5.414979,6.601363,201.4478,205.8663,2026-09-14,15,Monday,Sur,Suroeste,Sursuroeste,Sursuroeste,Norte,Noreste
2026-09-14 16:00:00,4.0249224,4.8965297,206.56499,216.02747,2026-09-14,16,Monday,Suroeste,Suroeste,Sursuroeste,Suroeste,Noreste,Noreste
2026-09-14 17:00:00,3.710795,4.293669,219.09384,236.97612,2026-09-14,17,Monday,Suroeste,Suroeste,Suroeste,Oestesuroeste,Noreste,Noreste
2026-09-14 18:00:00,1.08,2.4216523,180.0,221.98714,2026-09-14,18,Monday,Sur,Suroeste,Sur,Suroeste,Norte,Noreste
2026-09-14 19:00:00,4.5,8.759178,323.13,9.462248,2026-09-14,19,Monday,Noroeste,Norte,Noroeste,Norte,Sureste,Sur
2026-09-14 20:00:00,3.2846913,3.9844694,9.462261,18.435053,2026-09-14,20,Monday,Norte,Norte,Norte,Nornoreste,Sur,Sur
2026-09-14 21:00:00,2.0124612,2.8460498,349.69522,288.43503,2026-09-14,21,Monday,Norte,Oeste,Norte,Oestenoroeste,Sur,Este
2026-09-14 22:00:00,1.8089776,2.97953,5.7105074,334.98312,2026-09-14,22,Monday,Norte,Noroeste,Norte,Nornoroeste,Sur,Sureste
2026-09-14 23:00:00,6.050785,9.044888,329.62094,312.58044,2026-09-14,23,Monday,Noroeste,Noroeste,Nornoroeste,Noroeste,Sureste,Sureste
